TotalIterations,NumWorkers,DurationMs,CalculatedPi,Error
500000,10,51,3.14264,3.3338071662798686E-4
500000,10,46,3.13992,5.324221737919415E-4
